Date,野村鴻運,野村鴻利,野村台灣運籌,野村鴻揚貨幣市場,野村環球-新臺幣計價,野村積極成長,野村全球品牌,野村成長,野村高科技,野村平衡,野村ｅ科技,野村精選貨幣市場,野村中小,野村優質,野村泰國,野村新馬,野村貨幣市場,野村全球高股息累積型新臺幣計價,野村鑫全球債券組合,野村鑫平衡組合,野村台灣高股息,野村歐洲高股息累積型,野村全球不動產證券化累積型新臺幣計價,野村亞太高股息累積型新臺幣計價,野村全球生技醫療,野村亞太高股息季配型新臺幣計價,野村全球高股息季配型新臺幣計價,野村歐洲高股息季配型,野村全球不動產證券化月配型新臺幣計價,野村全球氣候變遷,野村新興傘型之中東非洲,野村新興傘型之大俄羅斯,野村中國機會,野村全球美元投資級公司債-累積型新臺幣計價,野村全球美元投資級公司債-月配型新臺幣計價,野村巴西,野村新興高收益債組合-累積型,野村新興高收益債組合-月配型,野村雙印傘型之印度潛力,野村雙印傘型之印尼潛力,野村亞太複合高收益債-累積型新臺幣計價,野村亞太複合高收益債-月配型新臺幣計價,野村環球高收益債-累積類型新臺幣計價,野村環球高收益債-月配類型新臺幣計價,野村環球高收益債-累積類型美元計價,野村環球高收益債-月配類型美元計價,野村環球高收益債-累積類型人民幣計價,野村環球高收益債-月配類型人民幣計價,野村亞太複合高收益債-累積類型人民幣計價,野村亞太複合高收益債-月配類型人民幣計價,野村歐洲中小成長-新臺幣計價,野村歐洲中小成長-美元計價,野村歐洲中小成長-人民幣計價,野村全球不動產證券化-累積類型人民幣計價,野村全球不動產證券化-月配類型人民幣計價,野村全球美元投資級公司債-累積類型人民幣計價,野村全球美元投資級公司債-月配類型人民幣計價,野村全球高股息-累積類型人民幣計價,野村全球高股息-季配類型人民幣計價,野村多元資產動態平衡-累積類型新臺幣計價,野村多元資產動態平衡-月配類型新臺幣計價,野村多元資產動態平衡-累積類型美元計價,野村多元資產動態平衡-月配類型美元計價,野村多元資產動態平衡-累積類型人民幣計價,野村多元資產動態平衡-月配類型人民幣計價,野村多元資產動態平衡-累積類型澳幣計價,野村多元資產動態平衡-月配類型澳幣計價,野村多元資產動態平衡-累積類型南非幣計價,野村多元資產動態平衡-月配類型南非幣計價,野村環球-人民幣計價,野村美利堅高收益債-累積類型新臺幣計價,野村美利堅高收益債-月配類型新臺幣計價,野村美利堅高收益債-月配類型美元計價,野村美利堅高收益債-月配類型人民幣計價,野村亞太高股息-累積型人民幣計價,野村亞太高股息-季配型人民幣計價,野村日本領先,野村全球短期收益-新臺幣計價,野村多元收益平衡-累積類型新臺幣計價,野村多元收益平衡-月配類型新臺幣計價,野村多元收益平衡-累積類型美元計價,野村多元收益平衡-月配類型美元計價,野村多元收益平衡-累積類型人民幣計價,野村多元收益平衡-月配類型人民幣計價,野村全球短期收益-美元計價,野村多元核心配置平衡-新臺幣計價,野村多元核心配置平衡-美元計價,野村多元核心配置平衡-人民幣計價,野村亞太複合高收益債-累積類型美元計價,野村亞太複合高收益債-月配類型美元計價,野村環球-美元計價,野村亞太新興債券-累積類型新臺幣計價,野村亞太新興債券-月配類型新臺幣計價,野村亞太新興債券-累積類型美元計價,野村亞太新興債券-月配類型美元計價,野村亞太新興債券-累積類型人民幣計價,野村亞太新興債券-月配類型人民幣計價
2017/1/7,0.237,0.1871,0.2079,,0.5128,0.2811,0.422,0.3535,0.139,0.0985,0.4392,,0.4408,0.3091,0.0654,0.9294,,0.5343,-0.1526,0.3659,0.3898,0.6304,0.7194,,,,,,,,,,,,,,,,,,,,,,,,,,,,,,,,,,,,,,,,,,,,,,,,,,,,,,,,,,,,,,,,,,,,,,,,,,
2017/2/7,0.288,0.1988,0.2382,,0.4128,0.289,0.3462,0.4152,0.1919,0.187,0.4561,,0.464,0.3551,0.1314,0.9336,,0.4318,0.0291,0.3691,0.4575,0.5548,0.6322,,,,,,,,,,,,,,,,,,,,,,,,,,,,,,,,,,,,,,,,,,,,,,,,,,,,,,,,,,,,,,,,,,,,,,,,,,
2017/3/7,0.2928,0.1051,0.2326,-1.3261,0.4301,0.2465,0.3371,0.2973,0.1297,0.1729,0.3418,-3.457,0.3906,0.2773,0.1973,0.8807,-3.685,0.4957,0.2095,0.299,0.4391,0.5575,0.5172,,,,,,,,,,,,,,,,,,,,,,,,,,,,,,,,,,,,,,,,,,,,,,,,,,,,,,,,,,,,,,,,,,,,,,,,,,
2017/4/7,0.0782,-0.1031,0.0483,,0.5547,0.036,0.4541,0.1091,-0.0444,0.0095,0.1594,,0.1752,-0.005,0.1806,0.9512,,0.5445,0.5336,0.2974,0.3656,0.6623,0.7091,,,,,,,,,,,,,,,,,,,,,,,,,,,,,,,,,,,,,,,,,,,,,,,,,,,,,,,,,,,,,,,,,,,,,,,,,,
2017/5/7,0.4069,0.1096,0.3499,,1.0068,0.3377,1.131,0.2928,0.3184,0.3292,0.3307,,0.324,0.2929,0.4821,1.7343,,1.0456,0.4463,0.766,0.6877,1.0815,1.1618,1.0453,,,,,,,,,,,,,,,,,,,,,,,,,,,,,,,,,,,,,,,,,,,,,,,,,,,,,,,,,,,,,,,,,,,,,,,,,
2017/6/7,0.574,0.2856,0.5245,-2.5893,0.6344,0.5087,0.8052,0.611,0.561,0.5691,0.7262,-4.2923,0.7147,0.4708,0.7223,1.3366,-3.5241,0.6859,0.1989,0.9642,0.9641,0.7482,0.3164,1.2235,,,,,,,,,,,,,,,,,,,,,,,,,,,,,,,,,,,,,,,,,,,,,,,,,,,,,,,,,,,,,,,,,,,,,,,,,
2017/7/7,0.6498,0.5659,0.7761,,0.3683,0.726,0.6249,0.7754,0.7064,0.6769,0.7927,,0.6885,0.5552,0.6805,1.3012,,0.3841,0.083,0.875,0.9369,0.5128,0.1474,1.4728,,,,,,,,,,,,,,,,,,,,,,,,,,,,,,,,,,,,,,,,,,,,,,,,,,,,,,,,,,,,,,,,,,,,,,,,,
2017/8/7,0.5085,0.3934,0.7425,,0.3274,0.5256,0.4113,0.51,0.4774,0.6558,0.5261,,0.4813,0.4325,0.4308,0.7641,,0.3396,0.0778,0.5214,1.0484,0.4097,0.1603,0.9156,,,,,,,,,,,,,,,,,,,,,,,,,,,,,,,,,,,,,,,,,,,,,,,,,,,,,,,,,,,,,,,,,,,,,,,,,
2017/9/7,0.5172,0.403,0.7932,2.5252,0.3214,0.5345,0.4291,0.5126,0.4726,0.6861,0.5047,1.3305,0.4801,0.4175,0.5098,0.8338,1.7243,0.3591,0.2205,0.6449,1.1428,0.3866,0.2365,1.0208,,,,,,,,,,,,,,,,,,,,,,,,,,,,,,,,,,,,,,,,,,,,,,,,,,,,,,,,,,,,,,,,,,,,,,,,,
2017/10/7,0.4573,0.3126,0.7349,,0.2844,0.4831,0.3665,0.5108,0.4434,0.615,0.5305,,0.401,0.412,0.5106,0.8055,,0.3215,0.1969,0.6336,1.0843,0.3792,0.1569,0.991,,,,,,,,,,,,,,,,,,,,,,,,,,,,,,,,,,,,,,,,,,,,,,,,,,,,,,,,,,,,,,,,,,,,,,,,,
2017/11/7,0.2336,0.0471,0.3009,,0.1803,0.1706,0.1016,0.1773,0.1251,0.2258,0.1806,,0.1433,0.148,0.4413,0.4426,,0.1467,0.0762,0.1808,0.6423,0.2672,-0.0594,0.4109,,0.4109,0.1485,0.2686,-0.0606,,,,,,,,,,,,,,,,,,,,,,,,,,,,,,,,,,,,,,,,,,,,,,,,,,,,,,,,,,,,,,,,,,,,
2017/12/7,0.1963,0.0313,0.2728,-2.184,0.017,0.1177,-0.0312,0.1284,0.1077,0.2358,0.1585,-2.9168,0.1089,0.1462,0.5858,0.4208,-2.2419,-0.0118,0.0395,0.1164,0.5812,0.1168,-0.1969,0.3553,,0.3553,-0.0096,0.1174,-0.1966,,,,,,,,,,,,,,,,,,,,,,,,,,,,,,,,,,,,,,,,,,,,,,,,,,,,,,,,,,,,,,,,,,,,
2017/1/8,0.0605,-0.0603,0.1266,,-0.1914,-0.0516,-0.2672,-0.0433,-0.065,0.0883,-0.0361,,-0.0377,0.0399,0.3483,0.1528,,-0.2115,0.1289,-0.1237,0.3248,-0.1413,-0.3825,0.0777,-0.3093,0.0772,-0.2094,-0.142,-0.3819,,,,,,,,,,,,,,,,,,,,,,,,,,,,,,,,,,,,,,,,,,,,,,,,,,,,,,,,,,,,,,,,,,,,
2017/2/8,0.116,0.0113,0.2146,,-0.3046,0.0529,-0.3373,0.0645,-0.0063,0.1606,0.0245,,0.0191,0.0981,0.3596,-0.0051,,-0.3284,-0.0998,-0.1786,0.3873,-0.2479,-0.5082,-0.052,-0.3454,-0.0525,-0.3264,-0.2488,-0.5102,,,,,,,,,,,,,,,,,,,,,,,,,,,,,,,,,,,,,,,,,,,,,,,,,,,,,,,,,,,,,,,,,,,,
2017/3/8,0.1173,0.0495,0.2202,-1.3442,-0.4313,0.0679,-0.4183,0.0775,-0.0224,0.1787,0.0101,-1.8352,0.0135,0.1146,0.2648,-0.1183,-1.2776,-0.4497,-0.1496,-0.2591,0.395,-0.3165,-0.5009,-0.1514,-0.4586,-0.1521,-0.4474,-0.3177,-0.5007,,,,,,,,,,,,,,,,,,,,,,,,,,,,,,,,,,,,,,,,,,,,,,,,,,,,,,,,,,,,,,,,,,,,
2017/4/8,0.1881,0.1195,0.2845,,-0.5332,0.1434,-0.5156,0.1555,0.0553,0.2508,0.0906,,0.0877,0.1943,0.228,-0.1417,,-0.5408,-0.3178,-0.2469,0.4437,-0.3668,-0.3808,-0.1351,-0.8085,-0.1349,-0.5405,-0.364,-0.3801,,,,,,,,,,,,,,,,,,,,,,,,,,,,,,,,,,,,,,,,,,,,,,,,,,,,,,,,,,,,,,,,,,,,
2017/5/8,0.0917,0.0609,0.2051,,-0.5174,0.0697,-0.5184,0.0815,-0.0642,0.2255,-0.0277,,-0.0068,0.0914,0.1931,-0.211,,-0.5206,-0.3358,-0.263,0.4018,-0.3745,-0.4144,-0.2238,-0.7154,-0.2236,-0.5173,-0.3737,-0.4125,,,,,,,,,,,,,,,,,,,,,,,,,,,,,,,,,,,,,,,,,,,,,,,,,,,,,,,,,,,,,,,,,,,,
2017/6/8,-0.0562,-0.1027,-0.0144,-4.5837,-0.5676,-0.1001,-0.5841,-0.0866,-0.2087,0.0117,-0.1753,-6.0122,-0.1403,-0.0678,0.0151,-0.2844,-4.3673,-0.5699,-0.3317,-0.3486,0.1128,-0.4532,-0.423,-0.3895,-0.6788,-0.3891,-0.5669,-0.4524,-0.4225,,,,,,,,,,,,,,,,,,,,,,,,,,,,,,,,,,,,,,,,,,,,,,,,,,,,,,,,,,,,,,,,,,,,
2017/7/8,-0.3407,-0.3305,-0.2018,,-0.5144,-0.2873,-0.5596,-0.2737,-0.3968,-0.1325,-0.359,,-0.401,-0.3369,-0.3049,-0.3314,,-0.5259,-0.2568,-0.4109,-0.0169,-0.453,-0.3104,-0.4735,-0.2779,-0.4729,-0.523,-0.4522,-0.3125,,,,,,,,,,,,,,,,,,,,,,,,,,,,,,,,,,,,,,,,,,,,,,,,,,,,,,,,,,,,,,,,,,,,
2017/8/8,-0.2715,-0.2422,-0.2123,,-0.5068,-0.2173,-0.3927,-0.2031,-0.2861,-0.1336,-0.2508,,-0.3362,-0.2835,-0.1875,-0.3313,,-0.5153,-0.1236,-0.4001,-0.0258,-0.479,-0.3825,-0.4284,-0.3268,-0.4265,-0.5119,-0.4787,-0.3874,,,,,,,,,,,,,,,,,,,,,,,,,,,,,,,,,,,,,,,,,,,,,,,,,,,,,,,,,,,,,,,,,,,,
2017/9/8,-0.4409,-0.426,-0.4297,-4.1745,-0.6467,-0.3882,-0.5919,-0.3697,-0.4284,-0.3892,-0.3926,-5.5956,-0.4955,-0.4349,-0.4024,-0.6467,-4.2711,-0.6556,-0.3473,-0.6471,-0.311,-0.6043,-0.6231,-0.6612,-0.5402,-0.6587,-0.6514,-0.6035,-0.6287,,,,,,,,,,,,,,,,,,,,,,,,,,,,,,,,,,,,,,,,,,,,,,,,,,,,,,,,,,,,,,,,,,,,
2017/10/8,-0.485,-0.4483,-0.5445,,-0.8318,-0.4672,-0.7343,-0.4649,-0.5276,-0.4902,-0.5113,,-0.5358,-0.5424,-0.6353,-0.8468,,-0.8064,-0.6161,-0.894,-0.4377,-0.7802,-0.6994,-0.7972,-0.6331,-0.7882,-0.789,-0.7658,-0.7039,,,,,,,,,,,,,,,,,,,,,,,,,,,,,,,,,,,,,,,,,,,,,,,,,,,,,,,,,,,,,,,,,,,,
2017/11/8,-0.4558,-0.4415,-0.5291,,-0.8696,-0.4316,-0.7779,-0.4277,-0.5227,-0.4251,-0.5094,,-0.5069,-0.5137,-0.605,-0.7755,,-0.8443,-0.2852,-0.8348,-0.4647,-0.8131,-0.7146,-0.7688,-0.6313,-0.7616,-0.8275,-0.8009,-0.7193,,,,,,,,,,,,,,,,,,,,,,,,,,,,,,,,,,,,,,,,,,,,,,,,,,,,,,,,,,,,,,,,,,,,
2017/12/8,-0.4518,-0.433,-0.4966,-0.7396,-0.8114,-0.4132,-0.59,-0.4084,-0.5066,-0.4027,-0.4934,-1.0014,-0.495,-0.4931,-0.5039,-0.76,-0.7098,-0.7627,-0.1274,-0.7587,-0.4545,-0.6551,-0.5649,-0.7267,-0.4023,-0.72,-0.7493,-0.6483,-0.5811,,,,,,,,,,,,,,,,,,,,,,,,,,,,,,,,,,,,,,,,,,,,,,,,,,,,,,,,,,,,,,,,,,,,
2017/1/9,-0.3726,-0.3447,-0.4649,,-0.8175,-0.3348,-0.5975,-0.3282,-0.4118,-0.3116,-0.4055,,-0.4084,-0.4269,-0.4318,-0.7323,,-0.7703,-0.1088,-0.6821,-0.3672,-0.6609,-0.6222,-0.6854,-0.2946,-0.6911,-0.7625,-0.6559,-0.6404,-0.4913,,,,,,,,,,,,,,,,,,,,,,,,,,,,,,,,,,,,,,,,,,,,,,,,,,,,,,,,,,,,,,,,,,,
2017/2/9,-0.4434,-0.4502,-0.5674,,-0.8332,-0.4295,-0.5782,-0.4284,-0.3895,-0.383,-0.375,,-0.4772,-0.4796,-0.4937,-0.6724,,-0.7982,0.0242,-0.6815,-0.3852,-0.658,-0.6632,-0.6377,-0.3376,-0.6433,-0.791,-0.6534,-0.6799,-0.5434,,,,,,,,,,,,,,,,,,,,,,,,,,,,,,,,,,,,,,,,,,,,,,,,,,,,,,,,,,,,,,,,,,,
2017/3/9,-0.3872,-0.405,-0.4619,-0.0411,-0.6728,-0.2989,-0.4824,-0.2914,-0.2902,-0.2232,-0.2783,-0.0518,-0.4,-0.3924,-0.4375,-0.5588,-0.0609,-0.6344,0.0107,-0.5487,-0.2484,-0.5561,-0.6132,-0.4438,-0.2054,-0.4529,-0.6346,-0.558,-0.6387,-0.4915,,,,,,,,,,,,,,,,,,,,,,,,,,,,,,,,,,,,,,,,,,,,,,,,,,,,,,,,,,,,,,,,,,,
2017/4/9,-0.289,-0.3598,-0.3434,,-0.5348,-0.2174,-0.2345,-0.212,-0.249,-0.1278,-0.2361,,-0.309,-0.2878,-0.3,-0.3578,,-0.5041,0.0485,-0.4792,-0.1335,-0.4387,-0.4167,-0.3604,-0.2162,-0.3855,-0.5277,-0.4566,-0.4542,-0.3814,,,,,,,,,,,,,,,,,,,,,,,,,,,,,,,,,,,,,,,,,,,,,,,,,,,,,,,,,,,,,,,,,,,
2017/5/9,0.0178,-0.1252,-0.1172,,-0.4595,0.0174,-0.1994,0.0242,-0.0141,0.0513,-0.0054,,-0.0018,0.0057,-0.1434,-0.1788,,-0.4382,0.1484,-0.3234,-0.0322,-0.3241,-0.3375,-0.2276,-0.1787,-0.2512,-0.4615,-0.3396,-0.3745,-0.3689,,,,,,,,,,,,,,,,,,,,,,,,,,,,,,,,,,,,,,,,,,,,,,,,,,,,,,,,,,,,,,,,,,,
2017/6/9,0.0262,-0.0771,-0.0853,-0.2404,-0.3139,0.0475,-0.1091,0.053,-0.0048,0.1132,-0.0018,-0.2166,0.0016,0.0225,-0.0081,-0.0814,-0.2625,-0.3049,0.3447,-0.2114,0.0229,-0.2493,-0.2207,-0.1186,-0.082,-0.141,-0.3293,-0.265,-0.2559,-0.3181,-0.3095,-0.1516,,,,,,,,,,,,,,,,,,,,,,,,,,,,,,,,,,,,,,,,,,,,,,,,,,,,,,,,,,,,,,,,,
2017/7/9,0.104,0.0277,0.0209,,-0.18,0.1495,0.005,0.1524,0.077,0.1886,0.0851,,0.0677,0.1046,0.095,0.0358,,-0.1753,0.4625,-0.0543,0.098,-0.1326,-0.1553,-0.0178,-0.0746,-0.0462,-0.215,-0.168,-0.1908,-0.2417,-0.2311,-0.1046,,,,,,,,,,,,,,,,,,,,,,,,,,,,,,,,,,,,,,,,,,,,,,,,,,,,,,,,,,,,,,,,,
2017/8/9,0.0965,0.0085,0.0117,,-0.1459,0.1147,0.0049,0.1162,0.0439,0.1526,0.0505,,0.0666,0.0922,0.1151,0.0742,,-0.1426,0.4989,-0.0117,0.0453,-0.0596,-0.0915,-0.0224,-0.06,-0.0523,-0.1809,-0.0945,-0.1241,-0.2352,-0.1549,-0.0582,,,,,,,,,,,,,,,,,,,,,,,,,,,,,,,,,,,,,,,,,,,,,,,,,,,,,,,,,,,,,,,,,
2017/9/9,0.3122,0.2346,0.2376,-0.2062,-0.0524,0.348,0.1437,0.3434,0.2482,0.3751,0.2464,-0.1651,0.269,0.2784,0.2573,0.1872,-0.2426,-0.0494,0.6608,0.2465,0.2698,0.0291,-0.0158,0.1453,0.0834,0.1118,-0.0883,-0.0075,-0.0472,-0.057,-0.067,0.07,,,,,,,,,,,,,,,,,,,,,,,,,,,,,,,,,,,,,,,,,,,,,,,,,,,,,,,,,,,,,,,,,
2017/10/9,0.3273,0.2585,0.3765,,0.1424,0.4094,0.3295,0.4122,0.3229,0.51,0.3199,,0.3134,0.3574,0.7563,0.5985,,0.1619,1.2404,0.676,0.4181,0.2875,0.1656,0.5781,0.2305,0.5253,0.115,0.2432,0.1304,0.2394,0.1282,0.268,,,,,,,,,,,,,,,,,,,,,,,,,,,,,,,,,,,,,,,,,,,,,,,,,,,,,,,,,,,,,,,,,
2017/11/9,0.4535,0.5791,0.5298,,0.3245,0.5412,0.5579,0.5363,0.5614,0.6098,0.5502,,0.4586,0.4905,0.7612,0.6861,,0.3401,1.0541,0.8577,0.6607,0.3756,0.3254,0.7173,0.379,0.6577,0.289,0.3323,0.2879,0.3183,0.1792,0.5202,,,,,,,,,,,,,,,,,,,,,,,,,,,,,,,,,,,,,,,,,,,,,,,,,,,,,,,,,,,,,,,,,
2017/12/9,0.5135,0.6563,0.5665,-1.3891,0.3397,0.6263,0.4921,0.6204,0.6161,0.6731,0.6052,-1.129,0.517,0.5378,0.7334,0.6672,-1.6961,0.3454,0.8108,0.8247,0.6828,0.3148,0.3146,0.7421,0.3235,0.6811,0.2936,0.2717,0.2778,0.263,0.1186,0.5606,,,,,,,,,,,,,,,,,,,,,,,,,,,,,,,,,,,,,,,,,,,,,,,,,,,,,,,,,,,,,,,,,
2017/1/10,0.4476,0.4864,0.4932,,0.4666,0.5756,0.7734,0.5688,0.5356,0.5673,0.5313,,0.4359,0.4571,0.6328,0.7039,,0.4347,0.7328,0.7332,0.5892,0.5083,0.389,0.7012,0.3411,0.665,0.3905,0.4681,0.3571,0.2818,0.4711,0.9706,,,,,,,,,,,,,,,,,,,,,,,,,,,,,,,,,,,,,,,,,,,,,,,,,,,,,,,,,,,,,,,,,
2017/2/10,0.3597,0.3869,0.4158,,0.8143,0.4808,0.8246,0.4777,0.4,0.4993,0.3935,,0.3458,0.3741,0.6785,0.7354,,0.806,0.7011,0.7473,0.4806,0.5581,0.7247,0.6929,0.6897,0.657,0.7412,0.5164,0.6988,0.3719,0.494,0.8607,,,,,,,,,,,,,,,,,,,,,,,,,,,,,,,,,,,,,,,,,,,,,,,,,,,,,,,,,,,,,,,,,
2017/3/10,0.3787,0.4161,0.4106,-7.0751,0.8412,0.4667,0.8616,0.4617,0.403,0.4339,0.397,-6.4806,0.3663,0.3739,0.8023,0.8238,-10.2561,0.8201,0.9834,0.8229,0.4177,0.5589,0.7625,0.6774,0.4881,0.6413,0.7548,0.5202,0.7418,0.3881,0.5254,0.8507,,,,,,,,,,,,,,,,,,,,,,,,,,,,,,,,,,,,,,,,,,,,,,,,,,,,,,,,,,,,,,,,,
2017/4/10,0.3001,0.3334,0.3126,,0.6385,0.3714,0.8907,0.3685,0.3102,0.3275,0.3051,,0.2779,0.2731,0.5856,0.7706,,0.6196,1.0208,0.6445,0.289,0.3361,0.731,0.5519,0.2728,0.5035,0.5291,0.2801,0.6898,0.2316,0.3738,0.6844,0.1556,,,,,,,,,,,,,,,,,,,,,,,,,,,,,,,,,,,,,,,,,,,,,,,,,,,,,,,,,,,,,,,,
2017/5/10,0.0496,0.0975,0.0497,,0.2271,0.1355,0.5592,0.1349,0.0796,0.0397,0.0732,,0.0327,-0.0053,0.4567,0.4557,,0.2477,0.5635,0.2866,0.0271,-0.0022,0.4022,0.2344,0.0201,0.1941,0.1895,-0.057,0.3602,-0.0818,0.0764,0.3739,0.0453,,,,,,,,,,,,,,,,,,,,,,,,,,,,,,,,,,,,,,,,,,,,,,,,,,,,,,,,,,,,,,,,
2017/6/10,0.1661,0.1311,0.1387,-7.5019,0.1325,0.1875,0.5444,0.1933,0.1566,0.114,0.1509,-10.1349,0.1593,0.0693,0.4235,0.4635,-6.5434,0.1608,0.4389,0.2432,0.1051,0.0071,0.2927,0.1814,-0.0548,0.1388,0.1038,-0.047,0.2469,-0.1211,-0.0243,0.4112,0.0421,,,,,,,,,,,,,,,,,,,,,,,,,,,,,,,,,,,,,,,,,,,,,,,,,,,,,,,,,,,,,,,,
2017/7/10,0.1307,0.0874,0.1002,,0.1365,0.1145,0.5403,0.1264,0.0886,0.0423,0.0858,,0.141,0.0206,0.4641,0.4365,,0.1565,0.3859,0.2006,0.0125,0.0073,0.2758,0.119,-0.2031,0.0671,0.1032,-0.0479,0.2289,-0.049,-0.0445,0.4325,-0.042,,,,,,,,,,,,,,,,,,,,,,,,,,,,,,,,,,,,,,,,,,,,,,,,,,,,,,,,,,,,,,,,
2017/8/10,0.1302,0.106,0.1135,,-0.0018,0.1162,0.3811,0.1351,0.0931,0.1367,0.0872,,0.1264,0.0397,0.5151,0.5281,,0.0127,0.3408,0.1598,0.0844,-0.1528,0.1578,0.1351,-0.2292,0.0829,-0.0406,-0.2165,0.1042,-0.1204,-0.1473,0.3161,0.069,,,,,,,,,,,,,,,,,,,,,,,,,,,,,,,,,,,,,,,,,,,,,,,,,,,,,,,,,,,,,,,,
2017/9/10,0.1267,0.1183,0.0963,-5.515,0.0682,0.1227,0.4094,0.1393,0.0422,0.222,0.0385,-5.1509,0.1141,0.0244,0.4902,0.5641,-5.1939,0.0704,0.2188,0.1809,0.1243,-0.0705,0.1795,0.1673,-0.1596,0.1202,0.0191,-0.1244,0.1244,-0.0447,-0.0571,0.2535,0.1683,,,,,,,,,,,,,,,,,,,,,,,,,,,,,,,,,,,,,,,,,,,,,,,,,,,,,,,,,,,,,,,,
2017/10/10,0.1885,0.1566,0.1424,,0.0957,0.138,0.4614,0.151,0.1038,0.2196,0.0979,,0.1698,0.0818,0.5783,0.5086,,0.0948,0.0695,0.1612,0.1273,-0.0482,0.2032,0.1414,-0.0726,0.1412,0.0948,-0.0464,0.2051,0.03,-0.0442,0.2145,0.0829,,,,,,,,,,,,,,,,,,,,,,,,,,,,,,,,,,,,,,,,,,,,,,,,,,,,,,,,,,,,,,,,
2017/11/10,0.1561,0.1446,0.1438,,-0.036,0.1142,0.4663,0.132,0.0698,0.1475,0.067,,0.1433,0.0644,0.5766,0.4094,,-0.0394,-0.0698,0.0763,0.0178,-0.1885,0.125,0.0932,-0.2251,0.0929,-0.0404,-0.1881,0.1235,-0.0433,0.0275,0.1673,0.0445,,,,,,,,,,,,,,,,,,,,,,,,,,,,,,,,,,,,,,,,,,,,,,,,,,,,,,,,,,,,,,,,
2017/12/10,0.0616,0.0699,0.1076,-4.2701,0.0247,-0.0218,0.4942,-0.002,-0.0723,0.0842,-0.0705,-3.9682,0.0411,-0.0357,0.4722,0.4474,-4.2323,0.0117,-0.0212,0.0796,-0.0152,-0.1088,0.137,0.1072,-0.2091,0.1059,0.0106,-0.1096,0.139,0.0454,0.1485,0.2339,0.0115,0.2782,0.2772,,,,,,,,,,,,,,,,,,,,,,,,,,,,,,,,,,,,,,,,,,,,,,,,,,,,,,,,,,,,,,
2017/1/11,0.2712,0.2849,0.3135,,0.0643,0.1205,0.3533,0.1446,0.1382,0.2342,0.136,,0.2503,0.1458,0.3092,0.4444,,0.0551,-0.1762,0.0259,0.1069,-0.0013,0.2394,0.1375,-0.3194,0.1371,0.0541,-0.0018,0.2354,0.0916,0.0722,0.2095,0.1032,,,,,,,,,,,,,,,,,,,,,,,,,,,,,,,,,,,,,,,,,,,,,,,,,,,,,,,,,,,,,,,,
2017/2/11,0.2854,0.2379,0.2454,,0.1221,0.0977,0.3829,0.1196,0.2015,0.1131,0.2003,,0.3074,0.1578,0.3162,0.383,,0.1024,-0.1646,0.0563,0.0223,0.0782,0.2488,0.0942,-0.2543,0.0923,0.1015,0.0789,0.248,0.1483,0.0372,0.2851,-0.0209,,,,,,,,,,,,,,,,,,,,,,,,,,,,,,,,,,,,,,,,,,,,,,,,,,,,,,,,,,,,,,,,
2017/3/11,0.1393,0.1447,0.1241,-3.8835,0.0144,-0.0401,0.2749,-0.0068,0.0632,0.0033,0.0683,-3.4907,0.1565,0.0123,0.2705,0.3173,-3.9683,-0.0131,-0.3519,-0.0807,-0.1246,0.0055,0.1205,0.0538,-0.1536,0.0533,-0.014,0.0046,0.1193,0.1197,-0.0429,0.2024,-0.0458,-0.0673,-0.0416,,,,,,,,,,,,,,,,,,,,,,,,,,,,,,,,,,,,,,,,,,,,,,,,,,,,,,,,,,,,,,
2017/4/11,0.2195,0.2233,0.1843,-3.7706,0.0898,0.0686,0.3703,0.098,0.1506,0.029,0.1513,-3.5703,0.2691,0.1338,0.4122,0.2849,-4.0717,0.0615,-0.3686,-0.0715,-0.1282,0.136,0.1482,0.0625,0.0544,0.0633,0.0623,0.1362,0.1469,0.1289,-0.0045,0.1724,-0.0208,-0.0966,-0.1575,0.0825,,,,,,,,,,,,,,,,,,,,,,,,,,,,,,,,,,,,,,,,,,,,,,,,,,,,,,,,,,,,,
2017/5/11,0.4134,0.4568,0.397,-3.6593,0.242,0.2369,0.4865,0.2602,0.4047,0.2026,0.4098,-3.1047,0.4599,0.3358,0.2975,0.5223,-3.0147,0.1926,-0.2216,0.0276,0.085,0.2741,0.3572,0.1904,0.3689,0.1874,0.193,0.2767,0.3529,0.2197,0.1027,0.286,0.0856,-0.0098,-0.0688,0.1333,,,,,,,,,,,,,,,,,,,,,,,,,,,,,,,,,,,,,,,,,,,,,,,,,,,,,,,,,,,,,
2017/6/11,0.3444,0.4231,0.3291,-3.813,0.2658,0.2549,0.5091,0.2653,0.3377,0.1096,0.3407,-3.2119,0.3651,0.2856,0.1581,0.4427,-2.7455,0.2075,-0.2286,-0.016,0.0172,0.2266,0.3599,0.1318,0.3227,0.1311,0.2081,0.2272,0.3572,0.2261,0.1288,0.3459,0.0263,-0.1624,-0.2261,0.12,,,,,,,,,,,,,,,,,,,,,,,,,,,,,,,,,,,,,,,,,,,,,,,,,,,,,,,,,,,,,
2017/7/11,0.3376,0.4266,0.3028,-4.2537,0.078,0.2436,0.448,0.2558,0.2844,0.0407,0.2791,-3.4419,0.339,0.261,0.1823,0.3866,-2.7701,0.0094,-0.2592,-0.1405,-0.216,0.0376,0.2549,0.0131,0.176,0.0144,0.0093,0.0374,0.2492,-0.0173,0.0027,0.276,-0.0645,-0.1103,-0.1703,-0.1535,,,,,,,,,,,,,,,,,,,,,,,,,,,,,,,,,,,,,,,,,,,,,,,,,,,,,,,,,,,,,
2017/8/11,0.1395,0.1853,0.0834,-3.6629,0.0252,0.1597,0.2909,0.169,0.0901,-0.1338,0.0908,-2.7761,0.1169,0.0719,-0.0281,0.0313,-2.2185,-0.0249,-0.4782,-0.317,-0.3403,-0.0467,0.0564,-0.1137,0.0201,-0.109,-0.0262,-0.0478,0.0558,-0.0634,-0.0421,0.0343,-0.1691,-0.2678,-0.3396,-0.1987,,,,,,,,,,,,,,,,,,,,,,,,,,,,,,,,,,,,,,,,,,,,,,,,,,,,,,,,,,,,,
2017/9/11,-0.1426,-0.0729,-0.2212,-3.7462,-0.1823,-0.1214,-0.1023,-0.1052,-0.1686,-0.4759,-0.1702,-2.6338,-0.15,-0.202,-0.2156,-0.2444,-2.0859,-0.2516,-0.562,-0.5841,-0.6169,-0.2506,-0.2492,-0.5011,-0.1232,-0.4994,-0.25,-0.2521,-0.2476,-0.379,-0.2969,-0.206,-0.5772,-0.1345,-0.1998,-0.5089,-0.4256,-0.4489,,,,,,,,,,,,,,,,,,,,,,,,,,,,,,,,,,,,,,,,,,,,,,,,,,,,,,,,,,,
2017/10/11,-0.0736,-0.0666,-0.1618,-3.8177,-0.0581,-0.0099,0.0631,0.0048,-0.1186,-0.4313,-0.1141,-2.4886,-0.0683,-0.1302,-0.1803,-0.0589,-1.9561,-0.1105,-0.4176,-0.5007,-0.5942,-0.12,-0.0341,-0.1907,-0.0547,-0.1936,-0.1119,-0.1233,-0.0348,-0.2159,-0.2148,-0.0909,-0.2959,-0.0184,-0.0802,-0.2343,-0.2235,-0.2409,,,,,,,,,,,,,,,,,,,,,,,,,,,,,,,,,,,,,,,,,,,,,,,,,,,,,,,,,,,
2017/11/11,-0.2238,-0.2374,-0.3248,-2.7145,-0.0051,-0.1729,-0.0247,-0.1636,-0.2991,-0.5375,-0.3001,-2.6555,-0.2446,-0.309,-0.1297,-0.1001,-1.8947,-0.048,-0.3829,-0.4865,-0.6668,-0.0705,-0.0581,-0.2482,-0.0308,-0.2495,-0.0488,-0.0738,-0.0578,-0.2234,-0.2214,-0.0913,-0.3829,-0.0919,-0.149,-0.2608,-0.2008,-0.2185,,,,,,,,,,,,,,,,,,,,,,,,,,,,,,,,,,,,,,,,,,,,,,,,,,,,,,,,,,,
2017/12/11,-0.2188,-0.2543,-0.371,-2.8717,-0.0897,-0.2195,-0.0935,-0.2056,-0.2946,-0.6634,-0.2991,-2.9995,-0.2283,-0.312,-0.1067,-0.1619,-1.9179,-0.1355,-0.3175,-0.5632,-0.7527,-0.1907,-0.1175,-0.2913,-0.0413,-0.2918,-0.1378,-0.1919,-0.1191,-0.4264,-0.4922,-0.3074,-0.355,0.0715,0.0176,-0.3108,-0.1977,-0.2154,,,,,,,,,,,,,,,,,,,,,,,,,,,,,,,,,,,,,,,,,,,,,,,,,,,,,,,,,,,
2017/1/12,-0.1223,-0.0473,-0.2447,-2.8543,0.0009,-0.1375,0.0539,-0.1251,-0.2038,-0.2847,-0.1951,-3.2662,-0.0936,-0.1726,0.1179,-0.0058,-1.8997,-0.0372,-0.0554,-0.3724,-0.29,-0.2049,0.0057,-0.0857,0.161,-0.0873,-0.0371,-0.2094,0.0078,-0.2397,-0.2549,-0.171,-0.1845,0.3372,0.2617,-0.0702,-0.0172,-0.034,-0.1843,0.1602,,,,,,,,,,,,,,,,,,,,,,,,,,,,,,,,,,,,,,,,,,,,,,,,,,,,,,,,,
2017/2/12,0.0242,0.1419,-0.0722,-3.5043,-0.0134,0.0371,0.1058,0.0457,-0.0472,-0.0495,-0.0432,-4.4915,0.0361,-0.0193,0.1511,0.0566,-2.4387,-0.039,-0.0144,-0.309,-0.0946,-0.1698,-0.0157,0.0319,0.1036,0.0317,-0.037,-0.1716,-0.0172,-0.2071,0.0214,-0.1108,-0.0599,0.3451,0.269,-0.041,0.0306,0.0143,-0.1313,0.1453,,,,,,,,,,,,,,,,,,,,,,,,,,,,,,,,,,,,,,,,,,,,,,,,,,,,,,,,,
2017/3/12,0.0141,0.0587,-0.0948,-3.5847,0.072,0.0153,0.1256,0.0146,-0.0701,-0.082,-0.0702,-4.6735,0.0233,-0.0431,0.113,-0.0008,-2.6154,0.0421,0.0203,-0.3089,-0.1042,-0.1365,0.0345,-0.0785,0.1137,-0.0791,0.0424,-0.1384,0.0338,-0.2335,-0.1116,-0.1836,-0.1762,0.3024,0.1993,-0.1449,0.0289,0.0289,-0.2162,0.1395,,,,,,,,,,,,,,,,,,,,,,,,,,,,,,,,,,,,,,,,,,,,,,,,,,,,,,,,,
2017/4/12,-0.131,-0.0731,-0.2159,-3.6623,-0.0854,-0.1532,0.0327,-0.1446,-0.2117,-0.1821,-0.2067,-5.092,-0.1126,-0.1946,0.0817,-0.026,-3.7923,-0.1216,0.048,-0.3222,-0.178,-0.3398,0.0026,-0.1324,0.006,-0.1339,-0.1221,-0.3412,0.0006,-0.296,-0.1164,-0.1754,-0.1572,0.3168,0.3167,-0.2009,0.0221,0.0221,-0.2473,0.0913,,,,,,,,,,,,,,,,,,,,,,,,,,,,,,,,,,,,,,,,,,,,,,,,,,,,,,,,,
2017/5/12,-0.1573,-0.1121,-0.2229,-3.8671,-0.2007,-0.1761,-0.0556,-0.1628,-0.2124,-0.2134,-0.2066,-5.2108,-0.136,-0.1899,0.0638,-0.0964,-3.8552,-0.2277,-0.0309,-0.3073,-0.1821,-0.4023,-0.0823,-0.2012,-0.0534,-0.2005,-0.2289,-0.4046,-0.0845,-0.3228,-0.2144,-0.2634,-0.2342,0.3181,0.318,-0.2732,-0.0336,-0.0336,-0.3037,-0.0601,,,,,,,,,,,,,,,,,,,,,,,,,,,,,,,,,,,,,,,,,,,,,,,,,,,,,,,,,
2017/6/12,-0.0959,-0.1047,-0.1828,-4.1748,-0.0456,-0.1139,-0.0728,-0.0973,-0.1353,-0.1911,-0.1292,-5.2264,-0.0781,-0.1186,0.1708,-0.0562,-4.8107,-0.0556,0.0846,-0.2466,-0.18,-0.2051,0.0473,-0.1275,0.1291,-0.1288,-0.0552,-0.2075,0.0458,-0.254,-0.1971,-0.2032,-0.1832,0.3977,0.3976,-0.2486,0.0667,0.0668,-0.2297,-0.0207,0.1586,0.1585,,,,,,,,,,,,,,,,,,,,,,,,,,,,,,,,,,,,,,,,,,,,,,,,,,,,,,,
2017/7/12,-0.1908,-0.2142,-0.2711,-4.4825,0.0227,-0.206,-0.0833,-0.1951,-0.2654,-0.2267,-0.2523,-5.2423,-0.1697,-0.2309,0.0745,-0.0002,-7.7189,0.0193,0.143,-0.2079,-0.1804,-0.1487,0.083,-0.1059,0.2539,-0.1076,0.019,-0.1481,0.0847,-0.1732,-0.0507,-0.1967,-0.1612,0.4095,0.4095,-0.2039,0.125,0.125,-0.2333,-0.061,0.2397,0.2396,,,,,,,,,,,,,,,,,,,,,,,,,,,,,,,,,,,,,,,,,,,,,,,,,,,,,,,
2017/8/12,-0.0106,-0.0193,-0.0695,-2.9571,0.1876,0.0027,0.0496,0.0141,-0.0318,-0.0269,-0.0233,-5.116,0.032,-0.0329,0.2743,0.1384,-4.3391,0.1715,0.3143,0.0218,0.0395,0.0286,0.19,-0.02,0.6602,-0.0217,0.1741,0.0279,0.189,-0.0318,0.0369,-0.0863,-0.0985,0.4185,0.4185,-0.1562,0.246,0.246,-0.1387,-0.0037,0.2411,0.241,,,,,,,,,,,,,,,,,,,,,,,,,,,,,,,,,,,,,,,,,,,,,,,,,,,,,,,
2017/9/12,0.1576,0.1051,0.1275,-3.4275,0.2349,0.1819,0.1944,0.191,0.0742,0.0857,0.0828,-7.3235,0.1839,0.1451,0.6735,0.3385,-5.9657,0.2319,0.6084,0.4001,0.1285,0.1039,0.3534,0.1435,0.785,0.1438,0.2298,0.1036,0.3534,0.1586,0.1178,0.0682,0.1288,0.3346,0.3346,-0.0156,0.5916,0.5915,0.0219,0.1511,0.5178,0.5178,,,,,,,,,,,,,,,,,,,,,,,,,,,,,,,,,,,,,,,,,,,,,,,,,,,,,,,
2017/10/12,0.0597,0.0484,0.0122,-3.4078,0.0961,0.0902,0.0594,0.1029,-0.0129,0.0337,-0.0072,-14.1123,0.0968,0.0402,0.6524,0.1958,-5.6085,0.1018,0.5573,0.2155,0.0121,-0.0201,0.2201,0.0023,0.5094,0.0026,0.1018,-0.0198,0.2209,-0.0198,0.0048,-0.0616,0.0286,0.3062,0.3063,-0.2366,0.5103,0.5103,-0.0505,0.0697,0.4778,0.4778,,,,,,,,,,,,,,,,,,,,,,,,,,,,,,,,,,,,,,,,,,,,,,,,,,,,,,,
2017/11/12,0.3518,0.208,0.2973,-4.543,0.1369,0.3641,0.2523,0.3953,0.1832,0.2569,0.1854,-12.078,0.3763,0.3038,0.6503,0.2993,-4.9187,0.1532,0.8661,0.3475,0.1917,0.0528,0.4007,0.1565,0.7716,0.1572,0.1539,0.0536,0.3987,0.0363,0.0407,-0.0731,0.2003,0.5101,0.5101,-0.2063,0.8138,0.814,0.1073,0.1014,0.6929,0.6928,,,,,,,,,,,,,,,,,,,,,,,,,,,,,,,,,,,,,,,,,,,,,,,,,,,,,,,
2017/12/12,0.3663,0.2185,0.3085,-4.0774,0.1445,0.4055,0.3319,0.4324,0.1675,0.2796,0.1701,-9.1214,0.3987,0.321,0.7271,0.3498,-4.2482,0.1591,0.8317,0.4662,0.2361,0.1549,0.4712,0.1944,0.641,0.1939,0.1596,0.1533,0.47,0.1889,0.1149,0.1185,0.2568,0.3843,0.3844,-0.0462,0.7869,0.7871,0.1975,0.033,0.6829,0.6829,,,,,,,,,,,,,,,,,,,,,,,,,,,,,,,,,,,,,,,,,,,,,,,,,,,,,,,
2017/1/13,0.3178,0.113,0.2442,-4.4365,0.2675,0.3618,0.3298,0.3902,0.0528,0.1927,0.0459,-9.7542,0.3505,0.2565,0.717,0.2264,-4.6193,0.2796,0.703,0.4715,0.1151,0.2382,0.4557,0.1513,0.5928,0.1519,0.2791,0.2397,0.4519,0.2091,0.1424,0.0673,0.229,0.1782,0.1783,-0.1505,0.6878,0.6879,0.1135,0.0927,0.576,0.576,,,,,,,,,,,,,,,,,,,,,,,,,,,,,,,,,,,,,,,,,,,,,,,,,,,,,,,
2017/2/13,0.2497,-0.005,0.1602,-4.1809,0.1676,0.2894,0.1863,0.3223,-0.0645,0.082,-0.0718,-7.2602,0.2843,0.186,0.72,0.1562,-3.734,0.1826,0.6027,0.3231,0.0127,0.103,0.3897,0.0197,0.5841,0.0183,0.1817,0.1022,0.387,0.1377,0.0383,-0.0703,0.0294,0.1975,0.1977,-0.2584,0.5435,0.5437,-0.0167,0.2183,0.5514,0.5514,,,,,,,,,,,,,,,,,,,,,,,,,,,,,,,,,,,,,,,,,,,,,,,,,,,,,,,
2017/3/13,0.3715,0.1523,0.2874,-4.4858,0.1883,0.4108,0.1283,0.4638,-0.0117,0.2035,-0.0182,-7.0686,0.3992,0.3112,0.7907,0.2785,-3.7995,0.214,0.694,0.4196,0.0654,0.0898,0.4392,0.1552,0.6319,0.155,0.2137,0.091,0.4355,0.1607,0.1229,-0.0413,0.1654,0.2994,0.2994,-0.1862,0.5846,0.5848,0.0148,0.2378,0.7282,0.7283,,,,,,,,,,,,,,,,,,,,,,,,,,,,,,,,,,,,,,,,,,,,,,,,,,,,,,,
2017/4/13,0.7615,0.4471,0.647,-5.603,0.3158,0.857,0.1847,0.8768,0.2157,0.444,0.2094,-7.4199,0.7517,0.7062,0.7301,0.357,-4.1185,0.3445,0.7569,0.6407,0.2288,0.2724,0.5305,0.2768,0.7608,0.2763,0.3426,0.2742,0.5293,0.3124,0.143,-0.0488,0.1373,0.326,0.3259,-0.0672,0.6497,0.6499,0.1212,0.2886,0.7443,0.7445,,,,,,,,,,,,,,,,,,,,,,,,,,,,,,,,,,,,,,,,,,,,,,,,,,,,,,,
2017/5/13,0.932,0.5597,0.8014,-7.0102,0.775,1.029,0.6075,1.0466,0.2475,0.5367,0.2385,-7.6364,0.8749,0.7842,1.125,0.7479,-4.4111,0.7989,0.7256,0.8676,0.2412,0.6824,0.4328,0.5432,0.9238,0.5339,0.7954,0.6857,0.4278,0.8388,0.623,0.323,0.44,0.0338,0.0339,0.0048,0.8305,0.8309,0.2629,0.6469,0.7259,0.7263,,,,,,,,,,,,,,,,,,,,,,,,,,,,,,,,,,,,,,,,,,,,,,,,,,,,,,,
2017/6/13,0.7634,0.5902,0.6717,-7.7912,0.5016,0.7747,0.4251,0.7798,0.1321,0.4702,0.1255,-7.0073,0.7244,0.6522,0.3306,0.3957,-3.8731,0.526,0.1348,0.3166,0.2445,0.367,0.2497,0.1346,0.5706,0.134,0.5247,0.3678,0.2469,0.5186,0.4113,0.1479,0.1897,-0.1336,-0.1336,-0.1896,0.2513,0.2514,0.0041,0.2612,0.1775,0.1776,,,,,,,,,,,,,,,,,,,,,,,,,,,,,,,,,,,,,,,,,,,,,,,,,,,,,,,
2017/7/13,0.8474,0.7895,0.8042,-9.5803,0.5581,0.89,0.5237,0.8877,0.3049,0.6257,0.3003,-8.0395,0.869,0.8443,0.2683,0.236,-4.5909,0.5793,0.0578,0.3559,0.4253,0.4771,0.1841,0.1927,0.6292,0.1914,0.579,0.4748,0.1778,0.607,0.4202,0.0743,0.221,-0.3141,-0.314,-0.2093,0.1896,0.1898,-0.0402,0.0118,0.1149,0.115,,,,,,,,,,,,,,,,,,,,,,,,,,,,,,,,,,,,,,,,,,,,,,,,,,,,,,,
2017/8/13,0.6738,0.6643,0.6751,-9.2951,0.3945,0.7603,0.4154,0.7638,0.1985,0.4778,0.1946,-8.2055,0.682,0.6812,0.0953,-0.0021,-4.6538,0.4077,-0.0645,0.1953,0.3299,0.3651,0.0668,0.1883,0.5658,0.1888,0.4048,0.3617,0.0643,0.4316,0.3208,0.027,0.2786,-0.3735,-0.3733,-0.2878,0.0491,0.0492,-0.1832,-0.1531,0.0469,0.0471,,,,,,,,,,,,,,,,,,,,,,,,,,,,,,,,,,,,,,,,,,,,,,,,,,,,,,,
2017/9/13,0.6211,0.6022,0.6239,-8.7127,0.4777,0.7203,0.5678,0.7261,0.2232,0.4389,0.2172,-8.0544,0.6185,0.5928,0.1524,0.0984,-4.6726,0.4846,-0.0617,0.2705,0.3308,0.4555,0.1754,0.2258,0.6114,0.2252,0.4875,0.4523,0.1741,0.5309,0.4106,0.1054,0.2541,-0.3409,-0.3407,-0.0951,0.0519,0.0519,-0.2432,-0.1919,0.0911,0.0913,,,,,,,,,,,,,,,,,,,,,,,,,,,,,,,,,,,,,,,,,,,,,,,,,,,,,,,
2017/10/13,1.0207,1.1045,1.0588,-10.3859,0.5767,1.1101,0.5159,1.1118,0.5287,0.761,0.526,-10.286,0.9919,1.0297,0.1708,0.1763,-6.4003,0.5747,-0.0159,0.4075,0.8337,0.5354,0.2075,0.283,0.7122,0.2833,0.5756,0.5337,0.2059,0.6749,0.5539,0.2133,0.2137,-0.3284,-0.3282,-0.0351,0.1028,0.1028,-0.0525,-0.1512,0.0955,0.0957,,,,,,,,,,,,,,,,,,,,,,,,,,,,,,,,,,,,,,,,,,,,,,,,,,,,,,,
2017/11/13,0.9426,1.0725,1.0194,-10.5028,0.6412,1.0652,0.475,1.0683,0.5057,0.6992,0.5039,-9.9514,0.9027,0.9392,0.0719,0.1771,-6.3284,0.613,-0.0545,0.4664,0.6669,0.6037,0.1485,0.2425,0.7687,0.2416,0.6129,0.5991,0.146,0.7253,0.59,0.1744,0.2651,-0.3208,-0.3206,-0.0571,0.0659,0.0659,-0.1329,-0.2386,0.0271,0.0273,,,,,,,,,,,,,,,,,,,,,,,,,,,,,,,,,,,,,,,,,,,,,,,,,,,,,,,
2017/12/13,0.8823,1.1511,1.0681,-10.2866,0.6811,1.0756,0.5152,1.0751,0.5939,0.6685,0.5911,-9.577,0.8104,0.8845,-0.0297,0.1022,-6.3999,0.6383,-0.0613,0.5132,0.6209,0.5667,0.1105,0.1582,0.8442,0.1561,0.6395,0.5613,0.1063,0.7122,0.6389,0.1268,0.1561,-0.3593,-0.3591,-0.2366,0.0465,0.0465,-0.0818,-0.2542,0.0282,0.0283,,,,,,,,,,,,,,,,,,,,,,,,,,,,,,,,,,,,,,,,,,,,,,,,,,,,,,,
2017/1/14,0.56,0.7214,0.6865,-11.4643,0.47,0.7079,0.2574,0.7134,0.3832,0.3994,0.3808,-10.1953,0.5263,0.5603,-0.1924,-0.0197,-7.4601,0.4291,0.0129,0.4399,0.5852,0.4506,0.0364,-0.0371,0.7983,-0.0398,0.4231,0.4481,0.0333,0.4395,0.5963,-0.1815,-0.0899,-0.1444,-0.1444,-0.436,0.0755,0.0755,-0.1974,-0.2661,0.0064,0.0065,,,,,,,,,,,,,,,,,,,,,,,,,,,,,,,,,,,,,,,,,,,,,,,,,,,,,,,
2017/2/14,0.5921,0.7648,0.728,-10.6117,0.6359,0.7401,0.424,0.7449,0.4686,0.45,0.4673,-8.7902,0.5559,0.5901,-0.2557,0.0542,-6.9,0.5841,0.0736,0.5717,0.6768,0.6539,0.1059,0.0436,0.9179,0.045,0.5753,0.6471,0.1056,0.5096,0.6962,-0.2122,0.1245,-0.1165,-0.1166,-0.3279,0.1686,0.1686,-0.0853,-0.2146,-0.0007,-0.0007,,,,,,,,,,,,,,,,,,,,,,,,,,,,,,,,,,,,,,,,,,,,,,,,,,,,,,,
2017/3/14,0.5524,0.7266,0.694,-11.603,0.6125,0.7482,0.3996,0.7536,0.4801,0.4401,0.4804,-9.2227,0.5102,0.579,-0.3162,0.0473,-7.4469,0.5644,0.0691,0.4974,0.7746,0.7132,0.0465,0.0663,0.5985,0.064,0.5579,0.7099,0.0473,0.4853,0.7511,-0.2625,0.0815,-0.1291,-0.1292,-0.1767,0.1757,0.1757,0.0327,-0.1715,-0.0172,-0.0171,,,,,,,,,,,,,,,,,,,,,,,,,,,,,,,,,,,,,,,,,,,,,,,,,,,,,,,
2017/4/14,0.3827,0.6102,0.5927,-13.3204,0.5343,0.598,0.3544,0.6017,0.354,0.3564,0.3562,-10.0414,0.2781,0.44,-0.2869,0.0188,-7.8208,0.5132,0.006,0.35,0.5901,0.6691,-0.06,0.0273,0.4421,0.0268,0.5064,0.6628,-0.059,0.3747,0.7614,-0.292,-0.0112,-0.1452,-0.1452,-0.1322,0.1167,0.1166,-0.0098,-0.1929,-0.0332,-0.0332,,,,,,,,,,,,,,,,,,,,,,,,,,,,,,,,,,,,,,,,,,,,,,,,,,,,,,,
2017/5/14,0.413,0.6342,0.6123,-15.2522,0.4648,0.5583,0.2976,0.5608,0.4104,0.4199,0.4107,-10.8089,0.3126,0.4758,-0.3032,0.007,-7.9915,0.4371,0.1294,0.3269,0.5821,0.5893,0.2172,0.173,0.3979,0.1728,0.434,0.5879,0.2192,0.3431,0.7913,-0.0839,0.0336,0.0685,0.0685,-0.0828,0.2437,0.2436,0.1295,-0.2061,0.0855,0.0856,,,,,,,,,,,,,,,,,,,,,,,,,,,,,,,,,,,,,,,,,,,,,,,,,,,,,,,
2017/6/14,0.5793,0.8393,0.8618,-15.4991,0.6581,0.8102,0.4254,0.8255,0.6904,0.7468,0.6865,-10.7444,0.4922,0.652,-0.0974,0.1114,-8.0984,0.6179,0.7073,0.5476,0.8604,0.8171,0.3329,0.4641,0.5834,0.4664,0.6128,0.8103,0.332,0.5564,0.6532,0.018,0.246,0.3678,0.368,0.1378,0.8275,0.8274,0.3056,-0.1545,0.5528,0.553,,,,,,,,,,,,,,,,,,,,,,,,,,,,,,,,,,,,,,,,,,,,,,,,,,,,,,,
2017/7/14,0.3498,0.5113,0.5425,-21.2055,0.4514,0.6744,0.1327,0.6809,0.3828,0.5703,0.3825,-12.4508,0.2547,0.4503,-0.0112,0.1906,-10.725,0.4071,0.5451,0.3871,0.5356,0.4611,0.3222,0.4429,0.3202,0.4446,0.3989,0.4554,0.3224,0.2252,0.6415,-0.0978,0.2431,0.2564,0.2567,0.1836,0.6404,0.6403,0.3876,0.0015,0.5217,0.522,,,,,,,,,,,,,,,,,,,,,,,,,,,,,,,,,,,,,,,,,,,,,,,,,,,,,,,
2017/8/14,0.4311,0.575,0.6151,-21.2783,0.6924,0.7749,0.0971,0.7739,0.3773,0.6995,0.3757,-12.3957,0.297,0.5046,0.2716,0.4186,-10.1577,0.6745,1.0584,0.6282,0.6239,0.4558,0.7237,0.5723,0.464,0.5708,0.6636,0.4557,0.7113,0.3666,0.7861,-0.1173,0.2423,0.5187,0.5188,0.3599,1.1115,1.1118,0.8969,0.2322,0.9458,0.9453,,,,,,,,,,,,,,,,,,,,,,,,,,,,,,,,,,,,,,,,,,,,,,,,,,,,,,,
2017/9/14,0.3073,0.3901,0.4219,-24.2215,0.4972,0.4381,-0.1474,0.4403,0.2432,0.4021,0.2426,-14.1369,0.2005,0.3656,0.1292,0.1945,-11.1711,0.4459,0.4816,0.3426,0.3641,0.1765,0.2114,0.2094,0.3748,0.2043,0.4352,0.1775,0.2098,0.1666,0.6792,-0.2674,0.0568,0.3024,0.3023,-0.0234,0.4574,0.4576,0.7955,0.1999,0.54,0.5397,,,,,,,,,,,,,,,,,,,,,,,,,,,,,,,,,,,,,,,,,,,,,,,,,,,,,,,
2017/10/14,0.1092,0.2442,0.2695,-29.8631,0.3615,0.261,-0.1448,0.28,0.1585,0.2482,0.1561,-18.4076,0.0043,0.1863,0.0354,0.0577,-12.262,0.2982,0.4214,0.2495,0.1648,-0.0846,0.2946,0.1642,0.4481,0.1634,0.2888,-0.0889,0.2929,-0.0166,0.5948,-0.3258,0.0924,0.2997,0.2996,-0.0635,0.3898,0.39,0.762,0.1408,0.4625,0.4622,,,,,,,,,,,,,,,,,,,,,,,,,,,,,,,,,,,,,,,,,,,,,,,,,,,,,,,
2017/11/14,0.1447,0.2783,0.3062,-31.3097,0.4082,0.2932,-0.0375,0.3195,0.165,0.2862,0.1626,-20.5303,0.0451,0.239,0.2568,0.0989,-12.3983,0.3598,0.5515,0.2749,0.2224,-0.0475,0.4681,0.1909,0.4284,0.1893,0.3499,-0.048,0.4671,0.0259,0.6766,-0.3838,0.0586,0.4215,0.4215,-0.0009,0.4875,0.4876,1.0533,0.4412,0.6204,0.6198,0.176,0.1759,0.0677,0.0661,,,,,,,,,,,,,,,,,,,,,,,,,,,,,,,,,,,,,,,,,,,,,,,,,,,
2017/12/14,0.1517,0.2447,0.2678,-36.0959,0.2903,0.2573,-0.1147,0.2859,0.1629,0.2582,0.1499,-24.04,0.0864,0.2494,0.283,-0.011,-8.996,0.2291,0.492,0.2279,0.2337,-0.1961,0.4911,0.2211,0.4268,0.223,0.2219,-0.1947,0.493,-0.0843,0.373,-0.5894,0.0902,0.5564,0.5561,-0.0543,0.2246,0.2246,0.8187,0.5134,0.2368,0.2364,-0.0204,-0.0205,-0.1669,-0.1691,,,,,,,,,,,,,,,,,,,,,,,,,,,,,,,,,,,,,,,,,,,,,,,,,,,
2017/1/15,0.289,0.4448,0.4601,-12.5884,0.3047,0.4425,-0.0688,0.4719,0.2514,0.4209,0.2525,-14.7297,0.192,0.4261,0.5516,0.0547,-8.5171,0.1132,0.4321,0.2399,0.2613,-0.2733,0.5909,0.4112,0.4252,0.4114,0.1127,-0.2762,0.5956,-0.1013,0.3345,-0.567,0.2855,0.5533,0.5531,-0.0326,0.1252,0.1253,1.1537,0.3985,0.2743,0.2744,-0.126,-0.1259,-0.3148,-0.3177,,,,,,,,,,,,,,,,,,,,,,,,,,,,,,,,,,,,,,,,,,,,,,,,,,,
2017/2/15,0.2042,0.3825,0.395,-10.2689,0.3296,0.3771,-0.1047,0.4038,0.1703,0.3553,0.1724,-13.1419,0.1252,0.3609,0.4831,0.0449,-8.6784,0.1724,0.3537,0.1664,0.1902,-0.0959,0.4911,0.3997,0.4129,0.3953,0.1723,-0.0954,0.4883,0.0034,0.2989,-0.1436,0.2362,0.2925,0.2924,-0.0839,0.1054,0.1053,0.9862,0.3222,0.2617,0.2618,-0.043,-0.0431,-0.2262,-0.2296,,,,,,,,,,,,,,,,,,,,,,,,,,,,,,,,,,,,,,,,,,,,,,,,,,,
2017/3/15,0.215,0.4149,0.4231,-7.4125,0.1958,0.3618,-0.1217,0.3929,0.1789,0.3909,0.1578,-8.8316,0.1837,0.3942,0.1779,-0.2015,-6.6794,-0.0143,0.2476,0.162,0.1434,-0.2079,0.4299,0.2421,0.6083,0.2443,-0.0142,-0.2097,0.4268,-0.1087,0.1136,-0.1305,0.4054,0.3469,0.3466,-0.29,0.0287,0.0286,0.7907,0.1354,0.1095,0.1095,-0.1696,-0.1699,-0.3793,-0.383,,,,,,,,,,,,,,,,,,,,,,,,,,,,,,,,,,,,,,,,,,,,,,,,,,,
2017/4/15,0.3716,0.5147,0.5094,-6.851,0.2233,0.4893,-0.1275,0.5135,0.2486,0.4934,0.2405,-8.2359,0.3521,0.5247,0.07,-0.1179,-6.7796,0.0517,0.1057,0.2058,0.2244,-0.1999,0.2593,0.415,0.5758,0.4149,0.0545,-0.2015,0.2581,-0.0504,0.1541,0.0033,0.6709,0.141,0.1408,-0.1999,-0.0095,-0.0095,0.5102,-0.1082,0.1198,0.1199,-0.1314,-0.1316,-0.2422,-0.2482,,,,,,,,,,,,,,,,,,,,,,,,,,,,,,,,,,,,,,,,,,,,,,,,,,,
2017/5/15,0.323,0.4602,0.4484,-6.6499,0.2859,0.5101,-0.2028,0.5332,0.199,0.3994,0.1729,-8.0832,0.3504,0.4887,0.0185,-0.2981,-6.9713,0.0444,-0.0683,0.2674,0.1728,-0.2086,0.1446,0.2543,0.661,0.2557,0.041,-0.2096,0.1432,-0.0676,-0.0464,-0.1132,0.5234,0.0301,0.03,-0.2614,-0.1307,-0.1308,0.4617,-0.0616,-0.0147,-0.0144,-0.1733,-0.1735,-0.2948,-0.2995,,,,,,,,,,,,,,,,,,,,,,,,,,,,,,,,,,,,,,,,,,,,,,,,,,,
2017/6/15,0.2305,0.3132,0.3024,-6.3653,0.1971,0.319,-0.1949,0.3336,0.0803,0.2594,0.0538,-7.6561,0.2298,0.3576,0.0137,-0.3911,-6.9274,-0.0268,-0.2633,0.1233,-0.0396,-0.229,0.0364,0.1526,0.5861,0.149,-0.0291,-0.2284,0.0333,-0.2131,0.1386,-0.1853,0.3845,-0.0633,-0.0633,-0.2544,-0.2754,-0.2756,0.372,-0.1532,-0.089,-0.0887,-0.3031,-0.3033,-0.4062,-0.4108,,,,,,,,,,,,,,,,,,,,,,,,,,,,,,,,,,,,,,,,,,,,,,,,,,,
2017/7/15,0.0853,0.1669,0.1408,-6.4346,0.3717,0.1301,-0.0136,0.1262,-0.0011,0.0474,-0.0234,-7.7914,0.1017,0.1018,-0.1814,-0.5467,-7.1375,0.0998,-0.1487,0.2751,-0.1726,-0.0237,0.1378,-0.035,0.956,-0.0357,0.0991,-0.0243,0.1356,-0.1203,0.0256,-0.1285,0.1475,0.0074,0.0072,-0.3687,-0.1889,-0.1891,0.4218,-0.3671,-0.1739,-0.1738,-0.2528,-0.253,-0.3973,-0.4016,,,,,,,,,,,,,,,,,,,,,,,,,,,,,,,,,,,,,,,,,,,,,,,,,,,
2017/8/15,-0.0436,0.0198,-0.004,-6.8942,0.2491,-0.053,-0.0941,-0.0572,-0.1014,-0.1032,-0.1329,-8.5278,0.008,-0.0038,-0.3824,-0.5841,-7.7422,-0.0355,-0.2367,0.104,-0.3377,-0.0633,0.0585,-0.244,0.5231,-0.2433,-0.0389,-0.0645,0.0556,-0.2806,-0.0924,-0.1271,0.015,-0.0292,-0.0294,-0.6098,-0.2534,-0.2537,0.1903,-0.4393,-0.2786,-0.2783,-0.3395,-0.34,-0.5247,-0.5291,,,,,,,,,,,,,,,,,,,,,,,,,,,,,,,,,,,,,,,,,,,,,,,,,,,
2017/9/15,0.0244,0.1168,0.104,-7.3262,0.2575,0.0513,0.0139,0.0392,0.0278,-0.0287,-0.0223,-9.2792,0.1216,0.0739,-0.431,-0.5969,-7.3711,-0.1017,-0.1503,0.2228,-0.2629,-0.0854,0.2513,-0.1823,0.298,-0.1813,-0.1031,-0.0881,0.2389,-0.2983,-0.1452,-0.13,0.0627,0.1375,0.1197,-0.5936,-0.2362,-0.2365,0.2114,-0.5075,-0.2177,-0.2173,-0.3535,-0.3644,-0.5243,-0.5344,-0.3368,-0.3176,,,,,,,,,,,,,,,,,,,,,,,,,,,,,,,,,,,,,,,,,,,,,,,,,
2017/10/15,0.1715,0.2217,0.2085,-7.7294,0.4035,0.1711,0.0795,0.1447,0.1619,0.0967,0.1125,-9.5446,0.2661,0.2281,-0.2868,-0.3649,-6.7722,0.057,-0.0704,0.2755,-0.0421,0.0717,0.2149,-0.0698,0.2986,-0.0718,0.056,0.071,0.2025,-0.0158,-0.1267,-0.08,0.1226,0.0775,0.0585,-0.598,-0.0783,-0.0782,0.1379,-0.218,0.088,0.0883,-0.2166,-0.2344,-0.3828,-0.3936,-0.1646,-0.1765,0.001,-0.0034,,,,,,,,,,,,,,,,,,,,,,,,,,,,,,,,,,,,,,,,,,,,,,,
2017/11/15,0.0814,0.092,0.0876,-7.9101,0.3356,0.0322,-0.1722,0.0005,0.0813,-0.0273,0.0311,-10.0071,0.2193,0.0719,-0.4091,-0.3968,-5.2431,-0.0557,-0.2731,0.1129,-0.0808,-0.0379,0.0827,-0.1533,0.2145,-0.1519,-0.057,-0.0392,0.0722,-0.0747,-0.358,0.0086,0.057,0.0047,-0.0163,-0.6182,-0.2033,-0.2035,-0.0327,-0.2688,0.0192,0.0194,-0.3224,-0.3362,-0.4508,-0.4601,-0.2192,-0.2311,-0.0075,-0.0136,,,,,,,,,,,,,,,,,,,,,,,,,,,,,,,,,,,,,,,,,,,,,,,
2017/12/15,0.009,0.027,0.0224,-6.51,0.3455,0.0266,-0.1951,-0.0107,0.0452,-0.0605,0.0103,-7.7201,0.1448,0.0046,-0.3726,-0.3106,-4.8095,-0.0682,-0.3864,-0.0208,-0.089,-0.0104,0.0632,-0.1593,0.2149,-0.1594,-0.0704,-0.0114,0.052,-0.0894,-0.3157,0.0637,0.0649,-0.0505,-0.0727,-0.5883,-0.183,-0.1831,0.0557,-0.2148,0.1054,0.1057,-0.3538,-0.3668,-0.44,-0.4487,-0.2358,-0.249,0.0886,0.0895,,,,,,,,,,,,,,,,,,,,,,,,,,,,,,,,,,,,,,,,,,,,,,,
2017/1/16,-0.0916,-0.0766,-0.0778,-5.7907,0.2591,-0.1078,-0.2451,-0.145,-0.0012,-0.1072,-0.0533,-6.5733,0.1021,-0.056,-0.5345,-0.307,-4.1382,-0.0729,-0.3801,-0.2157,-0.1758,-0.0968,-0.1353,-0.2723,-0.068,-0.2734,-0.0734,-0.096,-0.1501,-0.1274,-0.4464,0.1107,-0.1278,-0.1325,-0.1611,-0.5608,-0.1569,-0.157,-0.2268,-0.154,0.1453,0.1454,-0.3854,-0.3975,-0.4741,-0.4806,-0.3429,-0.3527,0.0417,0.0466,-0.085,-0.1516,-0.1097,,,,,,,,,,,,,,,,,,,,,,,,,,,,,,,,,,,,,,,,,,,,
2017/2/16,-0.1581,-0.102,-0.0946,-5.2522,0.1064,-0.1119,-0.4461,-0.1434,0.0416,-0.0992,-0.0118,-5.7809,0.0687,-0.0757,-0.5579,-0.3842,-3.5942,-0.2605,-0.449,-0.3703,-0.186,-0.3586,-0.1566,-0.3718,-0.1624,-0.3688,-0.2595,-0.3627,-0.1661,-0.3173,-0.4699,-0.2457,-0.1719,-0.0007,-0.027,-0.5487,-0.3016,-0.3015,-0.3479,-0.1272,0.0949,0.0951,-0.5942,-0.5987,-0.6443,-0.646,-0.4595,-0.4725,0.0218,0.0277,-0.2543,-0.2922,-0.2476,,,,,,,,,,,,,,,,,,,,,,,,,,,,,,,,,,,,,,,,,,,,
2017/3/16,-0.1767,-0.1213,-0.1128,-5.643,0.1809,-0.0971,-0.304,-0.1344,0.0643,-0.1299,0.0328,-6.4133,0.0116,-0.1242,-0.3559,-0.1538,-4.1687,-0.1049,-0.4353,-0.3417,-0.1822,-0.249,0.0171,-0.1581,-0.2221,-0.1568,-0.1049,-0.2515,0.0081,-0.1659,-0.2865,-0.0369,-0.1307,-0.0043,-0.0306,-0.1033,-0.2241,-0.2241,-0.1444,-0.1184,0.217,0.217,-0.3426,-0.3559,-0.2625,-0.2785,-0.1769,-0.1971,0.1762,0.1802,-0.1332,-0.1873,-0.1339,,,,,,,,,,,,,,,,,,,,,,,,,,,,,,,,,,,,,,,,,,,,
2017/4/16,-0.3709,-0.3301,-0.3172,-5.4982,0.1455,-0.2914,-0.3075,-0.3061,-0.0752,-0.4196,-0.1307,-5.8666,-0.1037,-0.313,-0.2849,-0.234,-3.9547,-0.1338,-0.1445,-0.276,-0.2832,-0.2475,0.0805,-0.3472,-0.1454,-0.346,-0.1386,-0.253,0.0704,-0.1532,-0.3141,-0.1139,-0.3691,0.2177,0.1961,-0.099,-0.0269,-0.0268,-0.0136,-0.0027,0.2318,0.2316,-0.2295,-0.2457,-0.2428,-0.2572,-0.1317,-0.1516,0.1455,0.1505,-0.1198,-0.1569,-0.1166,,,,,,,,,,,,,,,,,,,,,,,,,,,,,,,,,,,,,,,,,,,,
2017/5/16,-0.2946,-0.3413,-0.3093,-5.4055,0.176,-0.3399,-0.309,-0.3489,-0.2043,-0.4438,-0.2412,-5.4515,-0.229,-0.2796,-0.1637,-0.2252,-3.9222,-0.1179,-0.0291,-0.1896,-0.2238,-0.2057,0.1213,-0.2847,-0.1625,-0.2834,-0.1175,-0.2101,0.1086,-0.1415,-0.3135,-0.0897,-0.3381,0.302,0.2821,-0.1201,0.0344,0.0344,-0.0361,-0.0686,0.3433,0.343,-0.1828,-0.2002,-0.2227,-0.2397,-0.125,-0.1453,0.1893,0.195,-0.0954,-0.1462,-0.0887,0.1366,0.1557,0.5015,0.1904,-0.1256,-0.0812,0.0574,0.0366,-0.1059,-0.1167,-0.0073,-0.0263,-0.0681,-0.0818,0.0506,0.0139,,,,,,,,,,,,,,,,,,,,,,,,,,,,
2017/6/16,-0.2775,-0.291,-0.2692,-5.8991,0.1721,-0.2183,-0.3588,-0.2287,-0.2227,-0.3676,-0.2619,-5.6712,-0.202,-0.2638,-0.2313,-0.1211,-4.1877,-0.1578,0.1893,-0.2081,-0.0801,-0.3027,0.2676,-0.1954,-0.2447,-0.1927,-0.1602,-0.3065,0.257,-0.1171,-0.3332,-0.0524,-0.2811,0.8003,0.7986,-0.0093,0.2123,0.2125,-0.0455,0.124,0.4447,0.4443,-0.1124,-0.1323,-0.1491,-0.1693,-0.0415,-0.0653,0.289,0.2951,-0.2046,-0.2042,-0.1557,0.3292,0.3436,0.8781,0.3709,-0.1235,-0.0791,0.149,0.1265,-0.0063,-0.0167,0.091,0.0703,0.0723,0.0623,0.0756,0.0402,,,,,,,,,,,,,,,,,,,,,,,,,,,,
2017/7/16,0.0542,0.0584,0.0981,-6.4802,0.1156,0.0956,-0.3132,0.0864,0.1181,-0.0754,0.0626,-5.9751,0.2101,0.0306,0.1367,-0.1189,-4.5597,-0.1783,0.2147,-0.1881,0.3158,-0.3789,0.2376,-0.0365,-0.2022,-0.035,-0.1782,-0.3833,0.2284,-0.0182,-0.2051,-0.0165,-0.1132,0.7413,0.7384,0.1274,0.2551,0.2552,-0.0185,0.1953,0.5424,0.5421,-0.0233,-0.0456,-0.024,-0.047,0.0605,0.0349,0.4192,0.4262,-0.2322,-0.1848,-0.1465,0.3436,0.3684,0.8753,0.3707,-0.0706,-0.037,0.1048,0.0823,0.0575,0.0467,0.147,0.1247,0.0651,0.0591,0.0535,0.0193,,,,,,,,,,,,,,,,,,,,,,,,,,,,
2017/8/16,0.2825,0.3724,0.4061,-7.653,0.1262,0.4093,-0.2175,0.4047,0.4126,0.1565,0.3694,-6.6738,0.5777,0.2259,0.2864,0.0687,-5.1831,-0.11,0.2857,-0.0893,0.5041,-0.3049,0.1882,0.1305,-0.1823,0.1301,-0.1105,-0.3076,0.181,0.0895,-0.201,0.0463,0.0908,0.5011,0.4878,0.2015,0.3461,0.3464,0.1233,0.2892,0.6316,0.6313,0.0528,0.0282,0.0973,0.0688,0.1945,0.164,0.677,0.6894,-0.149,-0.0429,-0.0098,0.3464,0.3723,0.8191,0.1594,0.0415,0.0778,0.0891,0.0674,0.1853,0.1726,0.287,0.2562,0.2086,0.1977,0.2438,0.1965,,,,,,,,,,,,,,,,,,,,,,,,,,,,
2017/9/16,0.4001,0.4286,0.4606,-9.2102,0.1558,0.4726,-0.168,0.4757,0.3836,0.2592,0.3748,-7.5014,0.549,0.2507,0.1834,0.1032,-6.1054,-0.0246,0.2819,-0.1069,0.497,-0.2421,0.0666,0.1768,-0.0961,0.1801,-0.025,-0.2413,0.0661,0.1436,-0.1692,0.147,0.0934,0.2032,0.2028,0.2777,0.4826,0.4828,0.0504,0.5807,0.5878,0.5873,0.1667,0.1669,0.2341,0.2327,0.357,0.3582,0.769,0.7836,-0.0983,0.0313,0.0659,0.3107,0.3461,0.825,0.2628,0.1737,0.2095,0.1396,0.1395,0.2895,0.2911,0.3918,0.3846,0.3214,0.3311,0.3036,0.2993,,,,,,,,,,,,,,,,,,,,,,,,,,,,
2017/10/16,0.3382,0.2702,0.3195,-11.8353,-0.0873,0.3528,-0.3335,0.3507,0.1922,0.1304,0.1839,-8.9742,0.2857,0.0032,0.0533,-0.0907,-8.1424,-0.2867,0.1528,-0.2138,0.4076,-0.4015,-0.1868,0.0225,-0.3169,0.0237,-0.2849,-0.4014,-0.187,-0.0831,-0.2147,0.0806,-0.0504,0.1045,0.1042,0.3792,0.3575,0.3577,0.0615,0.5337,0.5209,0.5203,0.0513,0.0515,0.1253,0.1219,0.2372,0.2393,0.6872,0.7046,-0.2658,-0.1261,-0.0911,0.1003,0.1342,0.9299,0.2828,-0.0013,0.0156,-0.2057,-0.2057,0.0495,0.0506,0.1285,0.1213,0.0461,0.055,-0.0278,-0.0327,0.2386,,,,,,,,,,,,,,,,,,,,,,,,,,,
2017/11/16,0.2315,0.2398,0.2547,-15.0161,-0.1634,0.3567,-0.2659,0.35,0.1028,0.1401,0.0956,-11.2629,0.0855,0.0236,0.1449,-0.1207,-9.617,-0.1375,0.0068,-0.2038,0.2416,-0.3885,-0.1869,0.0585,-0.2286,0.0591,-0.1383,-0.3907,-0.1863,0.0071,-0.1912,0.1381,-0.0414,-0.1094,-0.1096,0.2828,0.1574,0.1576,0.0016,0.2084,0.5167,0.5165,0.1505,0.151,0.2006,0.1974,0.2835,0.2859,0.6174,0.6322,-0.2855,-0.1655,-0.1257,0.0763,0.0842,0.5333,0.1192,0.0697,0.0891,-0.2267,-0.2266,0.0094,0.0105,0.1152,0.1086,-0.0373,-0.03,-0.0592,-0.0694,0.1082,0.5674,0.5681,0.5072,0.6897,,,,,,,,,,,,,,,,,,,,,,,
2017/12/16,0.2598,0.3091,0.327,-16.2446,-0.1258,0.2823,-0.0437,0.283,0.1367,0.1813,0.126,-12.4283,0.0956,0.1286,0.2812,-0.1761,-11.9143,0.0411,0.2541,-0.0483,0.1542,-0.1522,-0.1397,0.0082,-0.2647,0.0092,0.0428,-0.1537,-0.1397,0.14,-0.0084,0.5485,-0.1096,-0.0073,-0.0075,0.3495,0.3796,0.3798,-0.0389,0.2138,0.6874,0.6869,0.4669,0.4676,0.3889,0.3854,0.4603,0.4647,0.6988,0.6971,-0.2025,-0.0726,-0.0402,0.0719,0.0814,0.5342,-0.1317,0.194,0.2013,-0.1018,-0.1016,0.0587,0.06,0.1646,0.1589,0.0312,0.039,-0.0919,-0.0931,0.0574,0.8148,0.8155,0.7359,0.8609,0.1669,0.1619,0.0813,,,,,,,,,,,,,,,,,,,,
2017/1/17,0.3973,0.4471,0.4492,-17.9209,0.1076,0.4197,0.1863,0.4199,0.2445,0.2068,0.2343,-13.4171,0.1605,0.1889,0.2794,-0.0305,-13.4944,0.2009,0.1394,0.0379,0.2648,-0.0547,-0.1169,0.2127,-0.141,0.2149,0.199,-0.0576,-0.1135,0.4091,0.1613,0.516,0.2662,-0.2348,-0.2349,0.4591,0.3301,0.3305,0.0698,0.1164,0.5629,0.5629,0.5858,0.5866,0.6474,0.6391,0.7565,0.7562,0.8671,0.8643,-0.0647,0.1339,0.1562,0.1363,0.1529,0.2566,-0.4012,0.5785,0.5751,-0.1167,-0.1163,0.2014,0.2035,0.3355,0.3302,0.14,0.1445,0.0362,0.038,0.4438,0.8843,0.8851,1.068,1.1402,0.3946,0.3915,0.1106,,,,,,,,,,,,,,,,,,,,
2017/2/17,0.5472,0.5105,0.504,-17.9321,0.2015,0.446,0.1279,0.4465,0.2657,0.2033,0.2531,-13.4243,0.2638,0.2374,0.1358,-0.0266,-13.5274,0.2314,0.1731,0.0928,0.3606,-0.0811,-0.089,0.2863,-0.0392,0.2884,0.225,-0.0804,-0.0898,0.4141,0.0844,0.49,0.3833,-0.2474,-0.2475,0.4575,0.3724,0.3728,0.3521,0.0322,0.6137,0.6138,0.6153,0.6163,0.7376,0.734,0.8639,0.8638,0.9545,0.9494,-0.0388,0.2382,0.2797,0.2378,0.2573,0.356,-0.2876,0.7214,0.7191,-0.1499,-0.1497,0.243,0.2451,0.3863,0.3807,0.1825,0.1868,0.0595,0.0653,0.5582,0.8209,0.8216,1.0817,1.2265,0.4502,0.4477,0.2853,,,,,,,,,,,,,,,,,,,,
2017/3/17,0.5961,0.5339,0.5191,-16.3404,0.1576,0.3692,0.1928,0.3663,0.2898,0.2114,0.2773,-14.3942,0.2412,0.242,0.1078,-0.2483,-13.6478,0.1146,0.1884,0.0339,0.3403,0.0017,-0.3597,0.2017,0.0134,0.2022,0.113,-0.0001,-0.3558,0.2679,-0.061,0.3233,0.2835,-0.3313,-0.3316,0.287,0.324,0.3243,0.3241,0.0684,0.6092,0.6092,0.4196,0.4204,0.6605,0.6535,0.8164,0.8148,0.938,0.9311,-0.0326,0.2302,0.2805,0.0196,0.0426,0.2754,-0.2877,0.6859,0.6754,-0.3129,-0.3123,0.0975,0.1006,0.2992,0.2922,0.0465,0.0519,0.0143,0.0031,0.4919,0.638,0.6382,0.872,1.0435,0.3374,0.3341,0.223,0.3061,,,,,,,,,,,,,,,,,,,
2017/4/17,0.7081,0.8127,0.7892,-15.6219,0.2766,0.6279,0.3507,0.627,0.4451,0.5924,0.4386,-13.7675,0.2714,0.4683,0.0676,-0.1296,-13.3018,0.0666,0.138,0.0821,0.4126,-0.0024,-0.3194,0.3488,0.0039,0.3538,0.0681,-0.0019,-0.3161,0.1948,-0.1382,0.2087,0.3215,-0.3565,-0.3566,0.1838,0.2485,0.2488,0.3554,0.0986,0.5291,0.5292,0.3286,0.3295,0.612,0.6043,0.7775,0.7748,0.8724,0.8656,0.0657,0.301,0.3569,0.0706,0.0879,0.2855,-0.2877,0.6486,0.6444,-0.2342,-0.2337,0.1573,0.1606,0.3676,0.3617,0.1112,0.1164,0.0933,0.0909,0.6058,0.5876,0.5876,0.851,1.054,0.4354,0.4254,0.1271,0.343,,,,,,,,,,,,,,,,,,,
2017/5/17,0.6256,0.7891,0.7641,-14.4204,0.2417,0.6613,0.5005,0.6615,0.4288,0.6511,0.4221,-12.6014,0.288,0.4107,0.0906,0.1051,-11.0249,0.0825,0.1247,0.0031,0.3592,0.0641,-0.3024,0.4137,-0.1377,0.4157,0.0803,0.0649,-0.2971,0.1584,0.0002,0.1272,0.4396,-0.3049,-0.3051,0.2539,0.2139,0.2142,0.3136,0.1971,0.4493,0.4495,0.2851,0.2861,0.6799,0.6763,0.7586,0.7577,0.7951,0.7909,0.0863,0.3087,0.3212,0.0252,0.0389,0.1634,-0.2877,0.7169,0.7073,-0.099,-0.0987,0.2938,0.2981,0.4764,0.47,0.2064,0.2118,0.0331,0.0526,0.5849,0.6044,0.6047,0.9633,1.0625,0.3786,0.3784,0.192,0.356,,,,,,,,,,,,,,,,,,,
2017/6/17,0.7345,0.9466,0.9161,-14.5267,0.478,0.7033,0.7237,0.7015,0.5494,0.7067,0.5481,-12.9483,0.3357,0.5061,0.1503,0.0763,-10.7258,0.3579,0.0794,0.2491,0.3275,0.3037,-0.3112,0.4648,0.0801,0.4675,0.3569,0.3064,-0.3049,0.3297,-0.0841,0.0975,0.5438,-0.4161,-0.4164,0.0828,0.1423,0.1426,0.316,0.115,0.4009,0.4012,0.3413,0.3422,0.6581,0.6582,0.7926,0.7933,0.7433,0.74,0.3667,0.6463,0.64,-0.0856,-0.0626,0.0018,-0.3428,1.0576,1.0376,-0.1166,-0.1163,0.2073,0.2108,0.4303,0.4249,0.1261,0.1307,0.0343,0.055,0.6832,0.5365,0.5362,0.7872,0.9893,0.2269,0.2255,0.3251,0.3997,-0.0274,-0.0264,0.2559,0.2561,0.4155,0.4148,,,,,,,,,,,,,
2017/7/17,0.7315,0.8851,0.8633,-14.7419,0.4817,0.7011,0.6975,0.6968,0.5426,0.6763,0.5387,-13.8235,0.3774,0.5156,0.0031,0.1688,-9.9437,0.3278,0.0432,0.203,0.2032,0.2876,-0.4393,0.4505,0.0008,0.4528,0.3269,0.2917,-0.4371,0.2723,-0.1237,0.1481,0.5623,-0.4065,-0.4066,0.1043,0.0973,0.0976,0.338,0.023,0.3048,0.3051,0.3207,0.3213,0.6557,0.6562,0.7909,0.7918,0.6938,0.6911,0.3367,0.5767,0.5765,-0.2269,-0.2194,-0.0383,-0.8481,1.1006,1.0783,-0.1539,-0.1537,0.1619,0.1653,0.3884,0.3841,0.0728,0.0737,0.0541,0.0677,0.6813,0.4983,0.4979,0.7555,0.9705,-2.814,-2.807,0.2544,0.3814,-0.0094,-0.0099,0.2404,0.2407,0.4019,0.4011,,,,,,,,,,,,,
2017/8/17,0.7237,0.8795,0.8426,-15.9371,0.7577,0.7046,0.9043,0.7009,0.5243,0.6729,0.524,-16.4605,0.3168,0.4625,0.0155,0.2104,-9.5269,0.4171,0.0595,0.2357,0.1916,0.2453,-0.3322,0.4618,0.1475,0.464,0.4206,0.2474,-0.3355,0.2405,-0.0447,0.2125,0.5598,-0.319,-0.3192,0.1806,0.067,0.0672,0.2799,-0.0007,0.3153,0.3156,0.1829,0.1835,0.5462,0.5467,0.6795,0.6799,0.6696,0.672,0.2999,0.5252,0.4444,-0.2111,-0.2065,-0.1877,,1.0936,1.073,-0.0524,-0.0523,0.225,0.2251,0.4226,0.4222,0.1384,0.1376,0.0483,0.069,0.8035,0.2803,0.28,0.5525,0.7108,,,0.5341,0.3014,-0.0605,-0.061,0.1651,0.1654,0.3173,0.317,0.6438,,,,,,,,,,,,
2017/9/17,0.4457,0.6129,0.5764,-19.3436,0.8651,0.5113,1.0151,0.508,0.4104,0.4003,0.4083,-25.1754,0.2501,0.3144,0.3733,0.2977,-9.7736,0.6285,0.1169,0.3907,0.17,0.3629,-0.279,0.3486,0.1522,0.3464,0.6291,0.3638,-0.2776,0.4479,-0.1269,0.2648,0.6863,-0.2725,-0.2726,0.2588,0.1211,0.1214,0.235,-0.0199,0.551,0.5517,0.2709,0.2713,0.5526,0.5531,0.704,0.7045,0.767,0.7706,0.3942,0.5798,0.5249,-0.1778,-0.1733,-0.1003,,1.2211,1.2013,0.0592,0.0594,0.2411,0.2413,0.4649,0.4649,0.1563,0.1561,0.1925,0.1908,0.8125,0.3511,0.3507,0.5748,0.7518,,,0.5953,0.5147,0.1406,0.1396,0.3086,0.3088,0.457,0.4567,0.7159,,,,,,,,,,,,
